antecedents,consequents,antecedent support,consequent support,support,confidence,lift,leverage,conviction,zhangs_metric,antecedent_count,consequent_count
"frozenset({'vision insurance', 'health insurance'})",frozenset({'dental insurance'}),0.012215997510115158,0.024198568316215373,0.011982570806100218,0.9808917197452228,40.53511376902124,0.011686961155800979,51.06694159145111,0.9873920093297801,2,1
"frozenset({'life insurance', 'vision insurance'})",frozenset({'dental insurance'}),0.011593526299408652,0.024198568316215373,0.010971055088702147,0.9463087248322147,39.105979844191715,0.010690508350520067,18.174301665110477,0.985858034317018,2,1
frozenset({'word'}),frozenset({'excel'}),0.012605042016806723,0.032290694055399936,0.011671335200746966,0.9259259259259259,28.674698795180724,0.011264309645426799,13.064075630252102,0.9774468085106384,1,1
"frozenset({'life insurance', 'dental insurance'})",frozenset({'vision insurance'}),0.011982570806100218,0.025676937441643323,0.010971055088702147,0.9155844155844155,35.65785123966942,0.01066337936772385,11.54198089492206,0.9837434610241855,2,1
frozenset({'vision benefits'}),frozenset({'dental benefits'}),0.011360099595393714,0.011982570806100218,0.010348583877995643,0.910958904109589,76.02366127023662,0.010212460680229487,11.096195743254563,0.9981856893137928,1,1
"frozenset({'cash handling', 'communication'})",frozenset({'customer service'}),0.012682850918145036,0.21763149704326176,0.011515717398070339,0.9079754601226994,4.172077444939911,0.008755529565977927,8.501737732129886,0.7700780416321436,2,1
"frozenset({'sales', 'problemsolving', 'communication'})",frozenset({'customer service'}),0.012215997510115158,0.21763149704326176,0.01104886399004046,0.9044585987261146,4.155917737156963,0.00839027816403734,8.188790330947185,0.7687705595526685,3,1
frozenset({'cash handling'}),frozenset({'customer service'}),0.024431995020230315,0.21763149704326176,0.021864301276065982,0.894904458598726,4.112017197679952,0.016547129624059742,7.444354846315624,0.77576381323907,1,1
"frozenset({'dental insurance', 'health insurance'})",frozenset({'vision insurance'}),0.01353874883286648,0.025676937441643323,0.011982570806100218,0.8850574712643677,34.46896551724138,0.011634937199280583,8.476610644257697,0.9843147860185247,2,1
"frozenset({'leadership', 'problemsolving', 'customer service'})",frozenset({'communication'}),0.013772175536881419,0.2862589480236539,0.012138188608776844,0.8813559322033899,3.0788764448703363,0.008195780127592069,6.0158174380863505,0.6846351084812624,3,1
"frozenset({'leadership', 'problem solving', 'customer service'})",frozenset({'communication'}),0.014005602240896359,0.2862589480236539,0.012293806411453471,0.8777777777777778,3.066376732807828,0.008284577447536749,5.8396995161701035,0.683454401611047,3,1
"frozenset({'merchandising', 'communication'})",frozenset({'customer service'}),0.016962340491752256,0.21763149704326176,0.01478369125427949,0.8715596330275229,4.004749518652028,0.011092151699701909,6.091297630163176,0.7632428784482974,2,1
"frozenset({'retail', 'communication'})",frozenset({'customer service'}),0.012215997510115158,0.21763149704326176,0.010582010582010581,0.8662420382165604,3.9803155792489218,0.007923424756007462,5.849135950676563,0.7580236545189166,2,1
"frozenset({'sales', 'problemsolving', 'customer service'})",frozenset({'communication'}),0.012760659819483348,0.2862589480236539,0.01104886399004046,0.8658536585365854,3.0247217231617816,0.007396010934027447,5.320615114732761,0.6780433547057882,3,1
"frozenset({'leadership', 'problem solving', 'teamwork'})",frozenset({'communication'}),0.016184251478369126,0.2862589480236539,0.014005602240896359,0.8653846153846154,3.0230831956844457,0.009372715438148146,5.30207638611,0.680220745896165,3,1
frozenset({'dental benefits'}),frozenset({'vision benefits'}),0.011982570806100218,0.011360099595393714,0.010348583877995643,0.8636363636363636,76.02366127023662,0.010212460680229487,7.250025936300446,0.9988145667365768,1,1
"frozenset({'sales', 'problemsolving'})",frozenset({'customer service'}),0.01478369125427949,0.21763149704326176,0.012760659819483348,0.863157894736842,3.9661441770317816,0.009543262959989127,5.717308290837699,0.7590880722422766,2,1
"frozenset({'problem solving', 'customer service', 'teamwork'})",frozenset({'communication'}),0.016884531590413945,0.2862589480236539,0.01455026455026455,0.8617511520737327,3.0103902708484944,0.009716916299320501,5.1627269426289,0.6792865925015183,3,1
"frozenset({'leadership', 'inventory management', 'communication'})",frozenset({'customer service'}),0.012371615312791783,0.21763149704326176,0.010659819483348895,0.8616352201257862,3.959147604239043,0.007967366321982678,5.654390544096428,0.7567830075891017,3,1
frozenset({'inclusion'}),frozenset({'diversity'}),0.026221599751011515,0.0291005291005291,0.022486772486772486,0.857566765578635,29.469112489884004,0.02172371006015575,6.816523368606701,0.9920800921247446,1,1
frozenset({'dental insurance'}),frozenset({'vision insurance'}),0.024198568316215373,0.025676937441643323,0.020697167755991286,0.8553054662379422,33.31026015784859,0.02007582263115849,6.733654943458871,0.994033405018007,1,1
frozenset({'dental benefits'}),frozenset({'medical benefits'}),0.011982570806100218,0.012449424214130096,0.010192966075319016,0.8506493506493507,68.32840909090909,0.010043789968178023,6.612295159609738,0.9973151990035096,1,1
frozenset({'merchandising'}),frozenset({'customer service'}),0.030501089324618737,0.21763149704326176,0.025910364145658265,0.8494897959183674,3.9033403136013076,0.01927236641449124,5.198109375576974,0.7672099065357492,1,1
"frozenset({'leadership', 'problemsolving', 'teamwork'})",frozenset({'communication'}),0.01750700280112045,0.2862589480236539,0.014861500155617803,0.8488888888888889,2.965458004892634,0.0098499639507219,4.723286373372879,0.6745940822396286,3,1
"frozenset({'leadership', 'customer service', 'teamwork'})",frozenset({'communication'}),0.021942110177404293,0.2862589480236539,0.018596327419856833,0.847517730496454,2.9606680816364297,0.01231520204305397,4.680813410635574,0.6770952956331573,3,1
"frozenset({'teamwork', 'sales', 'communication'})",frozenset({'customer service'}),0.020230314347961405,0.21763149704326176,0.017117958294428883,0.8461538461538463,3.8880118808613626,0.012715204697226264,5.085395269218802,0.758136479149821,3,1
frozenset({'walking'}),frozenset({'standing'}),0.01455026455026455,0.01906318082788671,0.012293806411453471,0.8449197860962568,44.32207792207793,0.012016432087238188,6.3253512132822545,0.9918698496304477,1,1
"frozenset({'leadership', 'time management', 'customer service'})",frozenset({'communication'}),0.014939309056956116,0.2862589480236539,0.012605042016806723,0.84375,2.9475061157923346,0.00832853112196222,4.567942732648615,0.670750687496343,3,1
"frozenset({'problemsolving', 'customer service', 'teamwork'})",frozenset({'communication'}),0.025988173046996577,0.2862589480236539,0.021708683473389355,0.8353293413173652,2.918089887091812,0.014269336395899439,4.33435475200181,0.6748481469837556,3,1
"frozenset({'sales', 'teamwork'})",frozenset({'customer service'}),0.025521319638966696,0.21763149704326176,0.021241830065359478,0.8323170731707318,3.8244329726100266,0.01568758706581156,4.66576125399655,0.7578650456325321,2,1
"frozenset({'leadership', 'time management', 'teamwork'})",frozenset({'communication'}),0.016184251478369126,0.2862589480236539,0.013383131030189854,0.8269230769230769,2.8887239425429145,0.008750244227441643,4.123837189196665,0.6645821531308167,3,1
"frozenset({'sales', 'problemsolving'})",frozenset({'communication'}),0.01478369125427949,0.2862589480236539,0.012215997510115158,0.8263157894736842,2.8866024806512067,0.007984033603758618,4.10941817804563,0.6633791665115643,2,1
frozenset({'medical benefits'}),frozenset({'dental benefits'}),0.012449424214130096,0.011982570806100218,0.010192966075319016,0.81875,68.32840909090909,0.010043789968178023,5.451130643828412,0.997786668527148,1,1
"frozenset({'leadership', 'training', 'teamwork'})",frozenset({'communication'}),0.014161220043572984,0.2862589480236539,0.011593526299408652,0.8186813186813187,2.8599326740125868,0.007539750347003967,3.936390044233181,0.6596833401312617,3,1
"frozenset({'leadership', 'problemsolving'})",frozenset({'communication'}),0.03159041394335512,0.2862589480236539,0.025754746342981638,0.8152709359605912,2.84801904565521,0.016711707679925032,3.8637182280319546,0.6700457760000543,2,1
"frozenset({'time management', 'problemsolving', 'customer service'})",frozenset({'communication'}),0.015873015873015872,0.2862589480236539,0.012838468720821661,0.8088235294117647,2.8254960587116065,0.008294675895049376,3.7334147334147336,0.6565004887585532,3,1
frozenset({'vision insurance'}),frozenset({'dental insurance'}),0.025676937441643323,0.024198568316215373,0.020697167755991286,0.8060606060606061,33.31026015784859,0.02007582263115849,5.031476132119517,0.9955416812275056,1,1
"frozenset({'sales', 'customer service', 'teamwork'})",frozenset({'communication'}),0.021241830065359478,0.2862589480236539,0.017117958294428883,0.8058608058608059,2.8151462562987435,0.011037294365821855,3.6764397582932546,0.6587721960843831,3,1
"frozenset({'high school diploma', 'teamwork'})",frozenset({'customer service'}),0.01353874883286648,0.21763149704326176,0.010893246187363835,0.8045977011494253,3.6970645889068336,0.00794678801077439,4.00388586807272,0.7395274153201271,2,1
"frozenset({'problemsolving', 'teamwork'})",frozenset({'communication'}),0.04894179894179894,0.2862589480236539,0.03929349517584812,0.8028616852146264,2.804669306436091,0.025283467296383574,3.620509045912272,0.676563984632121,2,1
"frozenset({'leadership', 'problem solving'})",frozenset({'communication'}),0.03439153439153439,0.2862589480236539,0.027544351073762838,0.8009049773755657,2.797833859535409,0.01769946661792289,3.584926647426648,0.6654670691122979,2,1
"frozenset({'leadership', 'inventory management', 'customer service'})",frozenset({'communication'}),0.013383131030189854,0.2862589480236539,0.010659819483348895,0.7965116279069767,2.782486393547286,0.006828778473384027,3.5075274554266147,0.6492988556033985,3,1
"frozenset({'leadership', 'teamwork'})",frozenset({'communication'}),0.04855275443510738,0.2862589480236539,0.03867102396514161,0.7964743589743589,2.782356200472536,0.02477236355689698,3.506885168765668,0.6732820870265757,2,1
frozenset({'retail'}),frozenset({'customer service'}),0.017896047307812014,0.21763149704326176,0.014239028944911298,0.7956521739130434,3.655960578881099,0.010344285378155134,3.828611822979782,0.7397119956221809,1,1
"frozenset({'time management', 'problemsolving', 'teamwork'})",frozenset({'communication'}),0.018907563025210083,0.2862589480236539,0.015017117958294428,0.7942386831275721,2.774546223309474,0.009604658857006855,3.4687815126050427,0.6519066691815247,3,1
"frozenset({'sales', 'teamwork'})",frozenset({'communication'}),0.025521319638966696,0.2862589480236539,0.020230314347961405,0.7926829268292683,2.769111436697406,0.01292460823593538,3.4427509565917878,0.6556052379431491,2,1
"frozenset({'leadership', 'sales', 'customer service'})",frozenset({'communication'}),0.013383131030189854,0.2862589480236539,0.010582010582010581,0.7906976744186046,2.7621762738863564,0.006750969572045714,3.4100961372203193,0.6466204305065874,3,1
"frozenset({'teamwork', 'attention detail', 'problem solving'})",frozenset({'communication'}),0.014005602240896359,0.2862589480236539,0.01104886399004046,0.7888888888888889,2.7558575699918455,0.007039635026123738,3.3808786672563755,0.6461867797695262,3,1
"frozenset({'leadership', 'time management'})",frozenset({'communication'}),0.02933395580454404,0.2862589480236539,0.023109243697478993,0.7877984084880637,2.7520481505541166,0.01471213636749786,3.3635047074385316,0.6558736327874605,2,1
"frozenset({'problemsolving', 'adaptability'})",frozenset({'communication'}),0.014628073451602863,0.2862589480236539,0.011515717398070339,0.7872340425531915,2.7500766281309095,0.007328300480201763,3.354582944288827,0.6458208840552492,2,1
"frozenset({'problem solving', 'adaptability'})",frozenset({'communication'}),0.013616557734204794,0.2862589480236539,0.010659819483348895,0.7828571428571428,2.734786626800761,0.006761957990652082,3.2869653709436983,0.6430975345314722,2,1
"frozenset({'leadership', 'inventory management'})",frozenset({'customer service'}),0.017117958294428883,0.21763149704326176,0.013383131030189854,0.7818181818181817,3.5923944485975228,0.009657724140249176,3.5858556385517155,0.7342021738810257,2,1
"frozenset({'problemsolving', 'training'})",frozenset({'communication'}),0.014939309056956116,0.2862589480236539,0.011671335200746966,0.78125,2.729172329437347,0.007394824305902463,3.2628162376061534,0.6431974723538704,2,1
"frozenset({'attention detail', 'problemsolving', 'customer service'})",frozenset({'communication'}),0.01455026455026455,0.2862589480236539,0.011360099595393714,0.7807486631016044,2.727420988905088,0.0071949561717691195,3.2553555297457755,0.6427047899236922,3,1
"frozenset({'leadership', 'sales', 'communication'})",frozenset({'customer service'}),0.013616557734204794,0.21763149704326176,0.010582010582010581,0.777142857142857,3.5709116910976038,0.007618618737739588,3.510627897882798,0.7298981713060707,3,1
"frozenset({'conflict resolution', 'leadership'})",frozenset({'communication'}),0.013383131030189854,0.2862589480236539,0.010348583877995643,0.7732558139534884,2.7012459149035695,0.006517542868030775,3.1477810497418344,0.638343492801404,2,1
frozenset({'diversity'}),frozenset({'inclusion'}),0.0291005291005291,0.026221599751011515,0.022486772486772486,0.7727272727272727,29.469112489884004,0.02172371006015575,4.284624961095549,0.9950218266501984,1,1
"frozenset({'problem solving', 'teamwork'})",frozenset({'communication'}),0.040538437597261126,0.2862589480236539,0.03127917833800187,0.7715930902111324,2.6954374545782747,0.019674687836887354,3.1248662863838343,0.6555788489230112,2,1
"frozenset({'leadership', 'collaboration'})",frozenset({'communication'}),0.020074696545284782,0.2862589480236539,0.015483971366324307,0.7713178294573643,2.6944758750165927,0.009737409851377006,3.1211049391508006,0.6417533115793355,2,1
"frozenset({'problemsolving', 'customer service'})",frozenset({'communication'}),0.043106131341425456,0.2862589480236539,0.0332244008714597,0.7707581227436824,2.692520628839849,0.02088488506029379,3.113484588936188,0.6569179962241344,2,1
"frozenset({'collaboration', 'problemsolving'})",frozenset({'communication'}),0.01455026455026455,0.2862589480236539,0.011204481792717087,0.770053475935829,2.690059057550224,0.007039338369092493,3.10394364464132,0.6375372856077554,2,1
"frozenset({'training', 'customer service', 'teamwork'})",frozenset({'communication'}),0.014161220043572984,0.2862589480236539,0.010893246187363835,0.7692307692307693,2.687185062830619,0.00683947023495915,3.0928778918975004,0.6368823993685873,3,1
frozenset({'retail experience'}),frozenset({'customer service'}),0.024354186118892,0.21763149704326176,0.018674136321195144,0.7667731629392971,3.523263743330656,0.013373898336870454,3.354538923636425,0.7340494324374618,1,1
"frozenset({'time management', 'problem solving', 'teamwork'})",frozenset({'communication'}),0.014316837846249611,0.2862589480236539,0.010971055088702147,0.7663043478260869,2.6769620761785453,0.006872732147809498,3.0541477572941313,0.6355411636401095,3,1
"frozenset({'inventory management', 'communication'})",frozenset({'customer service'}),0.02629940865234983,0.21763149704326176,0.020152505446623094,0.7662721893491123,3.5209618081926317,0.014428925770259688,3.3473487848022456,0.7353253159550106,2,1
"frozenset({'time management', 'problemsolving'})",frozenset({'communication'}),0.029178338001867414,0.2862589480236539,0.022331154684095862,0.7653333333333334,2.67356999184561,0.013978594342602691,3.0415101646719305,0.6447819388371467,2,1
"frozenset({'attention detail', 'customer service', 'teamwork'})",frozenset({'communication'}),0.022408963585434174,0.2862589480236539,0.017117958294428883,0.763888888888889,2.6685240554498506,0.010703191952162128,3.022903278958643,0.6395936441781713,3,1
"frozenset({'leadership', 'customer service', 'training'})",frozenset({'communication'}),0.02030812324929972,0.2862589480236539,0.015483971366324307,0.7624521072796935,2.663504887947437,0.00967058936864506,3.004619589771392,0.6375013020786563,3,1
"frozenset({'problem solving', 'training'})",frozenset({'communication'}),0.014394646747587924,0.2862589480236539,0.010971055088702147,0.762162162162162,2.662492010901904,0.006850458653565516,3.000956695809635,0.6335314804145691,2,1
"frozenset({'critical thinking', 'patient care'})",frozenset({'communication'}),0.013927793339558046,0.2862589480236539,0.010582010582010581,0.7597765363128491,2.6541582073097953,0.006595055112337841,2.971154611715487,0.6320355689028551,2,1
"frozenset({'time management', 'training'})",frozenset({'communication'}),0.014239028944911298,0.2862589480236539,0.010815437286025522,0.7595628415300547,2.6534116986529663,0.006739387839376855,2.9685139207198037,0.6321275917934844,2,1
"frozenset({'attention detail', 'problemsolving', 'teamwork'})",frozenset({'communication'}),0.017740429505135387,0.2862589480236539,0.013383131030189854,0.7543859649122807,2.635327105477747,0.008304774342562007,2.9059457116179805,0.6317479441153064,3,1
"frozenset({'time management', 'customer service', 'teamwork'})",frozenset({'communication'}),0.02209772798008092,0.2862589480236539,0.016651104886399003,0.7535211267605634,2.6323059312657677,0.010325432521108176,2.895749410875461,0.63411750358424,3,1
"frozenset({'customer service', 'adaptability'})",frozenset({'communication'}),0.017818238406473702,0.2862589480236539,0.013383131030189854,0.7510917030567685,2.6238191268512066,0.008282500848318025,2.8674859807470745,0.6301035024659675,2,1
frozenset({'product knowledge'}),frozenset({'customer service'}),0.017662620603797075,0.21763149704326176,0.013227513227513227,0.7488986784140969,3.4411318609145414,0.009383570663801709,3.1157482486171846,0.722153057658707,1,1
"frozenset({'inventory management', 'teamwork'})",frozenset({'customer service'}),0.01579520697167756,0.21763149704326176,0.011826953003423592,0.7487684729064039,3.440533576615339,0.00838941846406924,3.1141334529454476,0.7207315119564268,2,1
"frozenset({'sales', 'problemsolving'})","frozenset({'customer service', 'communication'})",0.01478369125427949,0.10698723934018052,0.01104886399004046,0.7473684210526316,6.985584688995215,0.009467197675487527,3.5348421776117855,0.869705517896512,2,2
"frozenset({'critical thinking', 'teamwork'})",frozenset({'communication'}),0.018129474011826952,0.2862589480236539,0.01353874883286648,0.7467811158798284,2.608760777735133,0.008349024674018725,2.818672290008283,0.6280626823445398,2,1
"frozenset({'sales', 'problem solving'})",frozenset({'communication'}),0.01750700280112045,0.2862589480236539,0.013071895424836602,0.7466666666666667,2.608360967654254,0.0080603592199407,2.8173988893803137,0.6276049621559244,2,1
"frozenset({'retail', 'customer service'})",frozenset({'communication'}),0.014239028944911298,0.2862589480236539,0.010582010582010581,0.7431693989071038,2.596143820264772,0.006505961135361915,2.779034308758964,0.6236941260046523,2,1
"frozenset({'leadership', 'sales'})",frozenset({'communication'}),0.018440709617180206,0.2862589480236539,0.013616557734204794,0.7383966244725738,2.579470893645425,0.00833773959838111,2.7283327309418386,0.6238274163410906,2,1
"frozenset({'sales', 'communication'})",frozenset({'customer service'}),0.04559601618425148,0.21763149704326176,0.03353563647681295,0.7354948805460751,3.379542440035094,0.02361250721542551,2.9578576950493463,0.7377399583781475,2,1
"frozenset({'time management', 'attention detail', 'customer service'})",frozenset({'communication'}),0.01680672268907563,0.2862589480236539,0.012293806411453471,0.7314814814814815,2.5553139440065236,0.007482731654753405,2.658070124601565,0.6190630747592774,3,1
"frozenset({'nursing', 'teamwork'})",frozenset({'communication'}),0.01579520697167756,0.2862589480236539,0.011515717398070339,0.729064039408867,2.546868995510399,0.006994198066542036,2.6343533372945136,0.6171083922882483,2,1
"frozenset({'leadership', 'adaptability'})",frozenset({'communication'}),0.014316837846249611,0.2862589480236539,0.010426392779333956,0.7282608695652174,2.5440632497015967,0.006328069838441307,2.626567071272954,0.6157435116806242,2,1
"frozenset({'attention detail', 'problemsolving', 'customer service'})",frozenset({'teamwork'}),0.01455026455026455,0.17592592592592593,0.010582010582010581,0.7272727272727273,4.133971291866029,0.008022241818538115,3.0216049382716053,0.7692953020134229,3,1
frozenset({'microsoft word'}),frozenset({'microsoft excel'}),0.015328353563647682,0.01953003423591659,0.011126672891378774,0.7258883248730964,37.167795821788985,0.0108273096215005,3.5768996899171186,0.9882431278717333,1,1
"frozenset({'leadership', 'sales'})",frozenset({'customer service'}),0.018440709617180206,0.21763149704326176,0.013383131030189854,0.7257383966244726,3.3347121463774476,0.009369851789662851,2.852635926165338,0.7132773829604845,2,1
"frozenset({'inventory management', 'teamwork'})",frozenset({'communication'}),0.01579520697167756,0.2862589480236539,0.011437908496732025,0.7241379310344827,2.5296604212164095,0.0069163891652037224,2.5873113134142534,0.6143945126473389,2,1
"frozenset({'data analysis', 'leadership'})",frozenset({'communication'}),0.015172735760971055,0.2862589480236539,0.010971055088702147,0.7230769230769231,2.5259539590607814,0.0066277237111256986,2.577398243247916,0.6134171823177487,2,1
"frozenset({'leadership', 'inventory management'})",frozenset({'communication'}),0.017117958294428883,0.2862589480236539,0.012371615312791783,0.7227272727272727,2.5247325113049492,0.00747144657911579,2.574148056308133,0.6144363322061172,2,1
"frozenset({'leadership', 'customer service'})",frozenset({'communication'}),0.05049797696856521,0.2862589480236539,0.03649237472766884,0.7226502311248073,2.524463378748579,0.02203687696332466,2.5734330151813802,0.6359925475349746,2,1
"frozenset({'training', 'teamwork'})",frozenset({'communication'}),0.023109243697478993,0.2862589480236539,0.016651104886399003,0.7205387205387205,2.5170871531295558,0.010035877095936412,2.5539890655057196,0.6169731685257762,2,1
"frozenset({'leadership', 'attention detail'})",frozenset({'communication'}),0.01976346093993153,0.2862589480236539,0.014239028944911298,0.7204724409448818,2.5168556159346616,0.008581561406939924,2.5533834817181953,0.6148300059771826,2,1
"frozenset({'flexibility', 'teamwork'})",frozenset({'communication'}),0.019685652038593213,0.2862589480236539,0.014161220043572984,0.7193675889328064,2.5129959915641282,0.008526025999845591,2.5433307908452902,0.6141587200798249,2,1
"frozenset({'collaboration', 'problem solving'})",frozenset({'communication'}),0.014083411142234672,0.2862589480236539,0.010115157173980703,0.718232044198895,2.5090291470628423,0.006083654715819999,2.5330809883866396,0.6100307789440453,2,1
"frozenset({'leadership', 'safety'})",frozenset({'communication'}),0.017818238406473702,0.2862589480236539,0.012760659819483348,0.7161572052401746,2.501781027927894,0.007660029637611519,2.514564629270511,0.6111748202564811,2,1
"frozenset({'customer service', 'teamwork'})",frozenset({'communication'}),0.07314036725801432,0.2862589480236539,0.05228758169934641,0.7148936170212766,2.4973668839242857,0.031350497110003525,2.503420107678229,0.6468921895487543,2,1
"frozenset({'time management', 'problem solving'})",frozenset({'communication'}),0.03159041394335512,0.2862589480236539,0.022486772486772486,0.7118226600985221,2.4866389854814366,0.01344373382371588,2.4767424538666365,0.6173531941725278,2,1
"frozenset({'safety', 'teamwork'})",frozenset({'communication'}),0.016962340491752256,0.2862589480236539,0.012060379707438531,0.7110091743119266,2.4837972025705026,0.0072047579622505015,2.4697706242991018,0.6076986319557569,2,1
frozenset({'hiring'}),frozenset({'training'}),0.01882975412387177,0.08558979147214442,0.013383131030189854,0.7107438016528925,8.304072126220886,0.011771496301255917,3.161246720910586,0.8964572229496708,1,1
"frozenset({'time management', 'sales'})",frozenset({'communication'}),0.01556178026766262,0.2862589480236539,0.01104886399004046,0.71,2.480271812992661,0.006594165141244103,2.461176041297745,0.6062527552288121,2,1
"frozenset({'high school diploma', 'communication'})",frozenset({'customer service'}),0.017896047307812014,0.21763149704326176,0.012682850918145036,0.7086956521739131,3.25640204567005,0.008788107351388873,2.6857426220902956,0.7055389703244797,2,1
"frozenset({'inventory management', 'training'})",frozenset({'customer service'}),0.016884531590413945,0.21763149704326176,0.011904761904761904,0.7050691244239631,3.2397384294232294,0.00823015601786587,2.65271820533769,0.7032064164539313,2,1
"frozenset({'patient care', 'teamwork'})",frozenset({'communication'}),0.02030812324929972,0.2862589480236539,0.014316837846249611,0.7049808429118773,2.462738187850896,0.008503455848570363,2.4193040852704715,0.6062599061441402,2,1
"frozenset({'attention detail', 'problemsolving', 'communication'})",frozenset({'teamwork'}),0.018985371926548398,0.17592592592592593,0.013383131030189854,0.7049180327868853,4.006902502157032,0.010043111894963746,2.7926954732510287,0.7649535916656828,3,1
"frozenset({'teamwork', 'adaptability'})",frozenset({'communication'}),0.024509803921568627,0.2862589480236539,0.01727357609710551,0.7047619047619048,2.4619733623267193,0.010257425410251247,2.4175100147585917,0.6087419077368826,2,1
frozenset({'verbal communication'}),frozenset({'written communication'}),0.03478057889822596,0.041705571117335825,0.024509803921568627,0.7046979865771812,16.896974857257337,0.023059260014826555,3.2451334068981126,0.9747191032801673,1,1
frozenset({'bending'}),frozenset({'lifting'}),0.014472455648926238,0.030656707127295364,0.010192966075319016,0.7043010752688171,22.973800556738166,0.009749288241077113,3.2781427722604186,0.9705179340495622,1,1
"frozenset({'time management', 'attention detail', 'teamwork'})",frozenset({'communication'}),0.019685652038593213,0.2862589480236539,0.013849984438219732,0.7035573122529645,2.4577653104308506,0.008214790394492341,2.4076864820002077,0.6050368720185569,3,1
"frozenset({'leadership', 'training'})",frozenset({'communication'}),0.03478057889822596,0.2862589480236539,0.024431995020230315,0.7024608501118569,2.4539349947370437,0.014475743093170457,2.3988139115295244,0.613840987684748,2,1
"frozenset({'attention detail', 'problem solving'})",frozenset({'communication'}),0.026143790849673203,0.2862589480236539,0.01836290071584189,0.7023809523809523,2.453655884751291,0.01087900664986401,2.3981699346405225,0.608349448299397,2,1
"frozenset({'problemsolving', 'adaptability'})",frozenset({'teamwork'}),0.014628073451602863,0.17592592592592593,0.01027077497665733,0.7021276595744681,3.9910414333706608,0.007697317610171641,2.7665343915343916,0.7605644250464213,2,1
frozenset({'acls'}),frozenset({'bls'}),0.018207282913165267,0.021708683473389355,0.012760659819483348,0.7008547008547008,32.28453267162944,0.012365403677810994,3.270288115246098,0.9869959291604329,1,1
"frozenset({'flexibility', 'customer service'})",frozenset({'communication'}),0.01727357609710551,0.2862589480236539,0.012060379707438531,0.6981981981981982,2.439044099821485,0.007115663985274574,2.3649330378917734,0.6003739177074554,2,1
"frozenset({'leadership', 'scheduling'})",frozenset({'communication'}),0.016184251478369126,0.2862589480236539,0.0112822906940554,0.6971153846153846,2.435261463190248,0.0066494038913071886,2.356478393826666,0.5990618420622019,2,1
frozenset({'problemsolving skills'}),frozenset({'communication skills'}),0.0338468720821662,0.1574852163087457,0.02357609710550887,0.6965517241379311,4.422965789832357,0.01824571513427448,2.776469173527998,0.8010193626272509,1,1
"frozenset({'teamwork', 'training', 'communication'})",frozenset({'leadership'}),0.016651104886399003,0.14176781823840648,0.011593526299408652,0.6962616822429907,4.911281635667901,0.009232935488404996,2.8255644137997082,0.8098724311785804,3,1
"frozenset({'decision making', 'communication'})",frozenset({'problem solving'}),0.01680672268907563,0.1110333022097728,0.011671335200746966,0.6944444444444445,6.25437981779958,0.009805229281254987,2.909345556404381,0.8544729344729346,2,1
"frozenset({'time management', 'teamwork'})",frozenset({'communication'}),0.046062869592281355,0.2862589480236539,0.03182384064737006,0.6908783783783784,2.413473476194324,0.018637932054932842,2.308932802021841,0.6139392223104138,2,1
"frozenset({'problem solving', 'customer service'})",frozenset({'communication'}),0.04061624649859944,0.2862589480236539,0.028011204481792718,0.6896551724137931,2.4092004011584858,0.016384440486434226,2.299832278590449,0.6096877534468775,2,1
"frozenset({'attention detail', 'customer service', 'communication'})",frozenset({'teamwork'}),0.02482103952692188,0.17592592592592593,0.017117958294428883,0.6896551724137931,3.9201451905626135,0.012751293933211144,2.6553497942386834,0.7638673900901619,3,1
frozenset({'problemsolving'}),frozenset({'communication'}),0.09912854030501089,0.2862589480236539,0.06800497976968566,0.6860282574568289,2.396530351953021,0.03962854810285286,2.2732652505446627,0.6468515408177664,1,1
"frozenset({'attention detail', 'problemsolving'})",frozenset({'communication'}),0.027699968876439465,0.2862589480236539,0.018985371926548398,0.6853932584269663,2.394312084072675,0.011056007975690882,2.268676915210529,0.5989339539472304,2,1
"frozenset({'nursing', 'teamwork'})",frozenset({'patient care'}),0.01579520697167756,0.07679738562091504,0.010815437286025522,0.6847290640394088,8.916046536002515,0.009602406685259435,2.92828329248366,0.9020913872112051,2,1
"frozenset({'time management', 'customer service'})",frozenset({'communication'}),0.04411764705882353,0.2862589480236539,0.030189853719265483,0.6843033509700176,2.3905046661230402,0.01756078248292781,2.260844561288202,0.6085249801744645,2,1
frozenset({'retail'}),frozenset({'communication'}),0.017896047307812014,0.2862589480236539,0.012215997510115158,0.682608695652174,2.3845846579292576,0.007093093833999347,2.248773177459721,0.5912202634768734,1,1
"frozenset({'flexibility', 'communication'})",frozenset({'teamwork'}),0.020774976657329598,0.17592592592592593,0.014161220043572984,0.6816479400749064,3.8746303962152573,0.010506363039042777,2.588562091503268,0.7576510497845421,2,1
"frozenset({'time management', 'adaptability'})",frozenset({'communication'}),0.015328353563647682,0.2862589480236539,0.010426392779333956,0.6802030456852792,2.3761809032745878,0.0060385144132695445,2.231856940306987,0.588172334691615,2,1
"frozenset({'sales', 'problem solving'})",frozenset({'customer service'}),0.01750700280112045,0.21763149704326176,0.011904761904761904,0.6799999999999999,3.1245477297104034,0.008094686676413484,2.4449015717398064,0.6920697478326089,2,1
frozenset({'cleaning'}),frozenset({'customer service'}),0.016728913787737318,0.21763149704326176,0.011360099595393714,0.6790697674418604,3.120273382610937,0.007719361043860779,2.4378149005173726,0.6910762156355386,1,1
"frozenset({'leadership', 'coaching'})",frozenset({'communication'}),0.01610644257703081,0.2862589480236539,0.010893246187363835,0.676328502415459,2.3626458040346505,0.0062826328788596056,2.205140265061249,0.5861870869344179,2,1
"frozenset({'decision making', 'problem solving'})",frozenset({'communication'}),0.01735138499844382,0.2862589480236539,0.011671335200746966,0.672645739910314,2.3497806603227382,0.006704345984339027,2.1803322546674684,0.5845714889012061,2,1
"frozenset({'time management', 'problemsolving', 'communication'})",frozenset({'teamwork'}),0.022331154684095862,0.17592592592592593,0.015017117958294428,0.6724738675958187,3.822483036860443,0.011088488893499785,2.5160559495665873,0.7552556756678741,3,1
"frozenset({'sales', 'teamwork'})","frozenset({'customer service', 'communication'})",0.025521319638966696,0.10698723934018052,0.017117958294428883,0.6707317073170732,6.269268292682927,0.014387502761937504,2.712112828670563,0.8625039923347174,2,2
"frozenset({'data analysis', 'teamwork'})",frozenset({'communication'}),0.016728913787737318,0.2862589480236539,0.011126672891378774,0.6651162790697674,2.3234776892102884,0.006337871628922689,2.1313100857627,0.5793017617817807,2,1
"frozenset({'time management', 'sales'})",frozenset({'customer service'}),0.01556178026766262,0.21763149704326176,0.010348583877995643,0.665,3.055623882731498,0.006961850341685936,2.3354283670350395,0.6833690295926347,2,1
"frozenset({'collaboration', 'teamwork'})",frozenset({'communication'}),0.019685652038593213,0.2862589480236539,0.013071895424836602,0.6640316205533597,2.319688607597657,0.00743670138110921,2.124429248823713,0.5803318668526224,2,1
"frozenset({'project management', 'teamwork'})",frozenset({'communication'}),0.01805166511048864,0.2862589480236539,0.011982570806100218,0.6637931034482758,2.3188553861150423,0.006815120141496443,2.12292210331426,0.5792084302385411,2,1
"frozenset({'leadership', 'project management'})",frozenset({'communication'}),0.025443510737628384,0.2862589480236539,0.01680672268907563,0.6605504587155963,2.3075277236784024,0.009523290071293586,2.102642558524911,0.5814293634952318,2,1
"frozenset({'microsoft office suite', 'teamwork'})",frozenset({'communication'}),0.01579520697167756,0.2862589480236539,0.010426392779333956,0.6600985221674877,2.3059489553945505,0.005904873447805653,2.099846863060844,0.5754280616838332,2,1
"frozenset({'nursing', 'communication'})",frozenset({'patient care'}),0.024898848428260192,0.07679738562091504,0.016417678182384064,0.659375,8.585904255319148,0.014505511718122251,2.7103196018468556,0.90609064491584,2,1
frozenset({'physical stamina'}),frozenset({'customer service'}),0.017740429505135387,0.21763149704326176,0.011671335200746966,0.6578947368421053,3.0229757446888583,0.0078104589693539,2.286923316335081,0.6812864385297847,1,1
frozenset({'sales'}),frozenset({'customer service'}),0.08029878618113913,0.21763149704326176,0.052754435107376284,0.6569767441860465,3.0187576389985944,0.03527889006001819,2.2808030933654058,0.7271251665843104,1,1
"frozenset({'teamwork', 'training', 'communication'})",frozenset({'customer service'}),0.016651104886399003,0.21763149704326176,0.010893246187363835,0.6542056074766356,3.00602447883079,0.007269441303512449,2.262525130172189,0.6786347297266747,3,1
frozenset({'leadership skills'}),frozenset({'communication skills'}),0.01976346093993153,0.1574852163087457,0.012916277622159975,0.6535433070866141,4.149870841243659,0.00980382470102541,2.431804034745211,0.774332127685213,1,1
"frozenset({'problemsolving', 'customer service', 'communication'})",frozenset({'teamwork'}),0.0332244008714597,0.17592592592592593,0.021708683473389355,0.6533957845433255,3.7140391963515342,0.015863649986743666,2.3775650650650646,0.7558645060326115,3,1
frozenset({'standing'}),frozenset({'lifting'}),0.01906318082788671,0.030656707127295364,0.012449424214130096,0.653061224489796,21.30239303843365,0.011865009862574901,2.7939894912213257,0.9715782898389783,1,1
"frozenset({'time management', 'problemsolving', 'customer service'})",frozenset({'teamwork'}),0.015873015873015872,0.17592592592592593,0.010348583877995643,0.6519607843137255,3.7058823529411766,0.007556108863298406,2.367762128325509,0.7419354838709676,3,1
"frozenset({'coaching', 'communication'})",frozenset({'leadership'}),0.016728913787737318,0.14176781823840648,0.010893246187363835,0.6511627906976745,4.593163658642433,0.008521624578177919,2.4602655877165684,0.795594569235465,2,1
"frozenset({'training', 'customer service', 'communication'})",frozenset({'leadership'}),0.023809523809523808,0.14176781823840648,0.015483971366324307,0.6503267973856209,4.5872667398463225,0.012108547122552724,2.454383622607922,0.8010785635494546,3,1
"frozenset({'time management', 'problemsolving'})",frozenset({'teamwork'}),0.029178338001867414,0.17592592592592593,0.018907563025210083,0.6479999999999999,3.683368421052631,0.013774336895251926,2.341119528619528,0.7504049426252947,2,1
frozenset({'standing'}),frozenset({'walking'}),0.01906318082788671,0.01455026455026455,0.012293806411453471,0.6448979591836735,44.32207792207793,0.012016432087238188,2.7751170710940833,0.9964330646124867,1,1
frozenset({'decisionmaking'}),frozenset({'problemsolving'}),0.017973856209150325,0.09912854030501089,0.011515717398070339,0.6406926406926408,6.463251034679606,0.009733995268405111,2.5072446649342472,0.8607501011827137,1,1
frozenset({'decisionmaking'}),frozenset({'communication'}),0.017973856209150325,0.2862589480236539,0.011515717398070339,0.6406926406926408,2.238157602115199,0.006370540227710547,1.9864359398377829,0.5633291361244773,1,1
"frozenset({'attention detail', 'problemsolving'})",frozenset({'teamwork'}),0.027699968876439465,0.17592592592592593,0.017740429505135387,0.6404494382022472,3.640449438202247,0.012867286832428444,2.2919560185185186,0.7459720443875374,2,1
"frozenset({'multitasking', 'customer service'})",frozenset({'communication'}),0.017040149393090568,0.2862589480236539,0.010893246187363835,0.6392694063926941,2.233185759977957,0.006015350947931824,1.9785986124407573,0.5617820673745633,2,1
"frozenset({'time management', 'attention detail'})",frozenset({'communication'}),0.03400248988484283,0.2862589480236539,0.021708683473389355,0.6384439359267734,2.230302110500378,0.011975166488769314,1.9740812640105265,0.5710472792046849,2,1
"frozenset({'time management', 'attention detail', 'communication'})",frozenset({'teamwork'}),0.021708683473389355,0.17592592592592593,0.013849984438219732,0.6379928315412187,3.6264855687606112,0.010030864197530864,2.2764026402640267,0.740322360113566,3,1
"frozenset({'training', 'customer service'})",frozenset({'communication'}),0.037426081543728604,0.2862589480236539,0.023809523809523808,0.6361746361746361,2.222374673584241,0.01309597307816857,1.9617682628606994,0.5714167595203414,2,1
"frozenset({'sales', 'customer service'})",frozenset({'communication'}),0.052754435107376284,0.2862589480236539,0.03353563647681295,0.6356932153392331,2.220692906643061,0.0184342073793933,1.959175843076772,0.5803036938864424,2,1
"frozenset({'data analysis', 'problem solving'})",frozenset({'communication'}),0.018518518518518517,0.2862589480236539,0.011749144102085279,0.6344537815126051,2.2163631421581953,0.006448052472017614,1.9525329927628783,0.5591653130076222,2,1
"frozenset({'attention detail', 'teamwork'})",frozenset({'communication'}),0.04676314970432618,0.2862589480236539,0.02964519140989729,0.6339434276206323,2.214580302196348,0.016258821369264237,1.949810782899018,0.5753524646656943,2,1
"frozenset({'leadership', 'training', 'communication'})",frozenset({'customer service'}),0.024431995020230315,0.21763149704326176,0.015483971366324307,0.6337579617834395,2.9120691186416745,0.010166799714318067,2.136206173290572,0.6730453992726433,3,1
frozenset({'leadership'}),frozenset({'communication'}),0.14176781823840648,0.2862589480236539,0.08948023653906007,0.6311745334796925,2.2049076119274282,0.048897930026525246,1.935172911757295,0.6367347550159642,1,1
frozenset({'food safety'}),frozenset({'customer service'}),0.028400248988484283,0.21763149704326176,0.017896047307812014,0.6301369863013698,2.895431014638972,0.011715258604046798,2.115292619105255,0.6737633225511052,1,1
frozenset({'decision making'}),frozenset({'problem solving'}),0.027544351073762838,0.1110333022097728,0.01735138499844382,0.6299435028248588,5.673464539807347,0.014293044741498633,2.4022458856316065,0.8470729307720625,1,1
"frozenset({'attention detail', 'customer service'})",frozenset({'communication'}),0.03952692187986306,0.2862589480236539,0.02482103952692188,0.6279527559055118,2.1936528455823967,0.013506104450979132,1.918415102666581,0.5665326471860987,2,1
frozenset({'high school diploma equivalent'}),frozenset({'customer service'}),0.02061935885465297,0.21763149704326176,0.012916277622159975,0.6264150943396227,2.878329207169407,0.008428855686549615,2.094218720035714,0.6663152171728146,1,1
frozenset({'problem solving'}),frozenset({'communication'}),0.1110333022097728,0.2862589480236539,0.0694833488951136,0.6257883672039243,2.1860918986966116,0.037699072608951584,1.907319253127801,0.6103295997804464,1,1
"frozenset({'time management', 'attention detail', 'customer service'})",frozenset({'teamwork'}),0.01680672268907563,0.17592592592592593,0.01050420168067227,0.6250000000000001,3.552631578947369,0.0075474634298163725,2.1975308641975313,0.730800886356442,3,1
"frozenset({'conflict resolution', 'communication'})",frozenset({'leadership'}),0.01657329598506069,0.14176781823840648,0.010348583877995643,0.6244131455399061,4.404477358111347,0.007999023865174247,2.285043183940243,0.7859846625821617,2,1
"frozenset({'multitasking', 'teamwork'})",frozenset({'communication'}),0.01758481170245876,0.2862589480236539,0.010971055088702147,0.6238938053097345,2.179473548747134,0.005937245389562263,1.8977115029018141,0.5508603770447786,2,1
"frozenset({'leadership', 'inventory management'})","frozenset({'customer service', 'communication'})",0.017117958294428883,0.10698723934018052,0.010659819483348895,0.6227272727272727,5.8205752066115695,0.008828416382287603,2.3670217752428946,0.8426196012444352,2,2
frozenset({'inventory management'}),frozenset({'customer service'}),0.056022408963585436,0.21763149704326176,0.034858387799564274,0.6222222222222222,2.859063282087951,0.022666147068849327,2.0709754490031305,0.6888247138618058,1,1
frozenset({'health insurance'}),frozenset({'dental insurance'}),0.02178649237472767,0.024198568316215373,0.01353874883286648,0.6214285714285714,25.680385852090033,0.013011546908765928,2.577588687466601,0.9824642244579269,1,1
"frozenset({'adaptability', 'communication'})",frozenset({'teamwork'}),0.027933395580454403,0.17592592592592593,0.01727357609710551,0.6183844011142062,3.515027122122856,0.012359367615358902,2.1594349824276837,0.736068053966077,2,1
"frozenset({'training', 'teamwork'})",frozenset({'leadership'}),0.023109243697478993,0.14176781823840648,0.014161220043572984,0.6127946127946128,4.322522702325117,0.010885072983441742,2.2164778955060287,0.7868368190948837,2,1
"frozenset({'training', 'teamwork'})",frozenset({'customer service'}),0.023109243697478993,0.21763149704326176,0.014161220043572984,0.6127946127946128,2.815744141450255,0.00913192074215307,2.0205516989404457,0.6601087084958053,2,1
frozenset({'collaboration'}),frozenset({'communication'}),0.06746031746031746,0.2862589480236539,0.04123871770930594,0.6113033448673587,2.1354907823417486,0.021927598199773732,1.8362418162121426,0.5701886792452829,1,1
frozenset({'teamwork'}),frozenset({'communication'}),0.17592592592592593,0.2862589480236539,0.10737628384687208,0.6103494029190623,2.132158338221198,0.057015913361229256,1.8317463320301,0.6443494544862399,1,1
frozenset({'decision making'}),frozenset({'communication'}),0.027544351073762838,0.2862589480236539,0.01680672268907563,0.6101694915254238,2.1315298464486943,0.008921905726706076,1.8309009594175836,0.5458895645525506,1,1
frozenset({'negotiation'}),frozenset({'communication'}),0.024898848428260192,0.2862589480236539,0.015172735760971055,0.609375,2.1287544169611308,0.008045217602896882,1.827177093059446,0.5437812533248216,1,1
"frozenset({'scheduling', 'customer service'})",frozenset({'communication'}),0.019996887643946467,0.2862589480236539,0.012138188608776844,0.6070038910505837,2.1204713258445507,0.006413900588073525,1.8161529738408018,0.5391888315469101,2,1
"frozenset({'attention detail', 'communication'})",frozenset({'teamwork'}),0.04894179894179894,0.17592592592592593,0.02964519140989729,0.6057233704292528,3.443059158229437,0.02103506011458081,2.09009109916368,0.7460748560810984,2,1
"frozenset({'problemsolving', 'customer service'})",frozenset({'teamwork'}),0.043106131341425456,0.17592592592592593,0.025988173046996577,0.6028880866425993,3.4269428082842484,0.018404686977671728,2.0751683501683504,0.7400974599832698,2,1
"frozenset({'customer service', 'adaptability'})",frozenset({'teamwork'}),0.017818238406473702,0.17592592592592593,0.010737628384687208,0.6026200873362445,3.4254194438060215,0.007602938294659427,2.0737688237688237,0.7209103006129827,2,1
"frozenset({'leadership', 'attention detail'})",frozenset({'teamwork'}),0.01976346093993153,0.17592592592592593,0.011904761904761904,0.6023622047244094,3.4239535847492744,0.00842785673940358,2.072423909057572,0.7222134024801115,2,1
"frozenset({'problem solving', 'attention detail', 'communication'})",frozenset({'teamwork'}),0.01836290071584189,0.17592592592592593,0.01104886399004046,0.6016949152542374,3.420160570918823,0.007818353678920127,2.0689519306540585,0.7208530191931551,3,1
"frozenset({'project management', 'problem solving'})",frozenset({'communication'}),0.020852785558667913,0.2862589480236539,0.01252723311546841,0.6007462686567164,2.0986113195912255,0.00655793665808129,1.7876878685015023,0.534643222390258,2,1
"frozenset({'safety', 'customer service'})",frozenset({'communication'}),0.022331154684095862,0.2862589480236539,0.013383131030189854,0.5993031358885017,2.0935699653272692,0.0069906381821670804,1.7812494079757504,0.5342780332966249,2,1
"frozenset({'attention detail', 'problemsolving', 'communication'})",frozenset({'customer service'}),0.018985371926548398,0.21763149704326176,0.011360099595393714,0.5983606557377049,2.749421218284227,0.007228284681095871,1.9479379053208583,0.6486010187052361,3,1
frozenset({'motivation'}),frozenset({'communication'}),0.018596327419856833,0.2862589480236539,0.011126672891378774,0.5983263598326359,2.0901577538921003,0.005803307767067127,1.7769178273161115,0.5314502353271877,1,1
"frozenset({'attention detail', 'problemsolving', 'teamwork'})",frozenset({'customer service'}),0.017740429505135387,0.21763149704326176,0.010582010582010581,0.5964912280701754,2.7408313418512313,0.006721134350617516,1.9389132464580032,0.6466184857973608,3,1
frozenset({'adaptability'}),frozenset({'communication'}),0.0469187675070028,0.2862589480236539,0.027933395580454403,0.5953565505804311,2.079783198711525,0.014502478551333386,1.7638764522202321,0.5447391419139213,1,1
frozenset({'retail'}),"frozenset({'customer service', 'communication'})",0.017896047307812014,0.10698723934018052,0.010582010582010581,0.5913043478260869,5.526867984189722,0.008667361885446504,2.1850312228910473,0.8339908376597351,1,2
"frozenset({'flexibility', 'customer service'})",frozenset({'teamwork'}),0.01727357609710551,0.17592592592592593,0.010192966075319016,0.5900900900900901,3.3541963015647225,0.007154096206383787,2.0103785103785103,0.7142028249714419,2,1
frozenset({'bls'}),frozenset({'acls'}),0.021708683473389355,0.018207282913165267,0.012760659819483348,0.5878136200716846,32.28453267162944,0.012365403677810994,2.3819145049324075,0.9905284843829113,1,1
frozenset({'physical stamina'}),frozenset({'communication'}),0.017740429505135387,0.2862589480236539,0.010426392779333956,0.5877192982456141,2.0531036751977796,0.005348036091706109,1.7312017005383715,0.5221965268713468,1,1
frozenset({'written communication'}),frozenset({'verbal communication'}),0.041705571117335825,0.03478057889822596,0.024509803921568627,0.5876865671641791,16.896974857257337,0.023059260014826555,2.3409846593237598,0.9817627863097173,1,1
"frozenset({'scheduling', 'training'})",frozenset({'customer service'}),0.01805166511048864,0.21763149704326176,0.010582010582010581,0.5862068965517241,2.693575629060693,0.006653399679891321,1.8907238821454504,0.6403048382585997,2,1
"frozenset({'leadership', 'training'})",frozenset({'customer service'}),0.03478057889822596,0.21763149704326176,0.02030812324929972,0.5838926174496645,2.6829416944809035,0.012738773795647525,1.8802081764605485,0.6498779227879006,2,1
"frozenset({'flexibility', 'communication'})",frozenset({'customer service'}),0.020774976657329598,0.21763149704326176,0.012060379707438531,0.5805243445692884,2.6674647395082207,0.0075390904364650724,1.865110627584367,0.6383744088584721,2,1
"frozenset({'leadership', 'time management', 'communication'})",frozenset({'teamwork'}),0.023109243697478993,0.17592592592592593,0.013383131030189854,0.579124579124579,3.2918660287081334,0.009317615935262993,1.9579999999999995,0.7126906726681671,3,1
"frozenset({'dental insurance', 'vision insurance'})",frozenset({'health insurance'}),0.020697167755991286,0.02178649237472767,0.011982570806100218,0.5789473684210527,26.573684210526316,0.011531652118605854,2.323257080610022,0.9827080594600061,2,1
"frozenset({'time management', 'attention detail'})",frozenset({'teamwork'}),0.03400248988484283,0.17592592592592593,0.019685652038593213,0.5789473684210525,3.290858725761772,0.01370373252181531,1.9571759259259256,0.7206312012594734,2,1
"frozenset({'inventory management', 'customer service'})",frozenset({'communication'}),0.034858387799564274,0.2862589480236539,0.020152505446623094,0.578125,2.019587523783637,0.010173980025319253,1.6918306417217093,0.5230832251148277,2,1
"frozenset({'problemsolving', 'communication'})",frozenset({'teamwork'}),0.06800497976968566,0.17592592592592593,0.03929349517584812,0.5778032036613272,3.284355052390702,0.02732965614229231,1.9518719261266686,0.746276754908752,2,1
"frozenset({'teamwork', 'attention detail', 'communication'})",frozenset({'customer service'}),0.02964519140989729,0.21763149704326176,0.017117958294428883,0.5774278215223098,2.6532364541311138,0.010666230907758891,1.8514434759411011,0.6421381240842391,3,1
"frozenset({'leadership', 'problemsolving', 'communication'})",frozenset({'teamwork'}),0.025754746342981638,0.17592592592592593,0.014861500155617803,0.5770392749244713,3.2800127206233105,0.010330572558241404,1.9483465608465607,0.7134991225212848,3,1
"frozenset({'critical thinking', 'communication'})",frozenset({'teamwork'}),0.023498288204170558,0.17592592592592593,0.01353874883286648,0.5761589403973509,3.2750087138375736,0.00940479072287351,1.9442997685185182,0.711373357146128,2,1
"frozenset({'training', 'communication'})",frozenset({'leadership'}),0.042483660130718956,0.14176781823840648,0.024431995020230315,0.575091575091575,4.056573503335303,0.018409179212716315,2.019805048456164,0.7869176757027021,2,1
frozenset({'time management'}),frozenset({'communication'}),0.10784313725490197,0.2862589480236539,0.06201369436663554,0.575036075036075,2.008796856853394,0.031142631344476784,1.6795332734112318,0.5628938188536682,1,1
"frozenset({'time management', 'problemsolving', 'communication'})",frozenset({'customer service'}),0.022331154684095862,0.21763149704326176,0.012838468720821661,0.5749128919860627,2.641680546229845,0.007978506096217232,1.8404898389228184,0.6356478433358655,3,1
"frozenset({'leadership', 'sales'})","frozenset({'customer service', 'communication'})",0.018440709617180206,0.10698723934018052,0.010582010582010581,0.5738396624472574,5.363627157652473,0.008609089968594554,2.095485388875022,0.8288434636637056,2,2
frozenset({'product knowledge'}),frozenset({'communication'}),0.017662620603797075,0.2862589480236539,0.010115157173980703,0.5726872246696034,2.000591522547905,0.005059073980596837,1.6703012247281497,0.5091405940594058,1,1
frozenset({'professionalism'}),frozenset({'communication'}),0.018674136321195144,0.2862589480236539,0.010659819483348895,0.5708333333333333,1.994115248708888,0.0053141808647932665,1.6630859463526508,0.5080111398945738,1,1
"frozenset({'merchandising', 'customer service'})",frozenset({'communication'}),0.025910364145658265,0.2862589480236539,0.01478369125427949,0.5705705705705706,1.9931973288863747,0.007366617671033554,1.6620683238330298,0.5115479208445268,2,1
frozenset({'development'}),frozenset({'training'}),0.029489573607220668,0.08558979147214442,0.01680672268907563,0.5699208443271767,6.6587479011753405,0.014282716233431159,2.126143981791762,0.8756439835971624,1,1
frozenset({'critical thinking'}),frozenset({'communication'}),0.04123871770930594,0.2862589480236539,0.023498288204170558,0.5698113207547171,1.9905450106930207,0.011693336254860211,1.6591349015239627,0.5190291203694248,1,1
frozenset({'microsoft excel'}),frozenset({'microsoft word'}),0.01953003423591659,0.015328353563647682,0.011126672891378774,0.5697211155378485,37.16779582178898,0.0108273096215005,2.288449844958559,0.9924781194521691,1,1
frozenset({'organization'}),frozenset({'communication'}),0.03828197945845005,0.2862589480236539,0.02178649237472767,0.5691056910569106,1.9880800058340349,0.01082793320668863,1.6564179130771806,0.5167857142857142,1,1
frozenset({'sales'}),frozenset({'communication'}),0.08029878618113913,0.2862589480236539,0.04559601618425148,0.5678294573643411,1.9836216868840748,0.02260977012446227,1.6515263803578233,0.5391659881152439,1,1
"frozenset({'attention detail', 'customer service'})",frozenset({'teamwork'}),0.03952692187986306,0.17592592592592593,0.022408963585434174,0.5669291338582677,3.2225445503522585,0.015455153254717524,1.9028619528619528,0.7180692824224094,2,1
"frozenset({'time management', 'attention detail', 'communication'})",frozenset({'customer service'}),0.021708683473389355,0.21763149704326176,0.012293806411453471,0.5663082437275986,2.6021428489049327,0.0075693131283014305,1.8039736555779335,0.6293640078649547,3,1
frozenset({'high school diploma'}),frozenset({'customer service'}),0.04886399004046063,0.21763149704326176,0.027622159975101153,0.5652866242038217,2.597448585723102,0.016987816671088674,1.799734138669713,0.646602389204336,1,1
frozenset({'conflict resolution'}),frozenset({'communication'}),0.02933395580454404,0.2862589480236539,0.01657329598506069,0.5649867374005305,1.973691097872144,0.008176188655079557,1.6407340036285516,0.508243905651679,1,1
frozenset({'health insurance'}),frozenset({'vision insurance'}),0.02178649237472767,0.025676937441643323,0.012215997510115158,0.5607142857142857,21.83727272727273,0.011656587108336437,2.217971199319836,0.9754585561686977,1,1
"frozenset({'training', 'communication'})",frozenset({'customer service'}),0.042483660130718956,0.21763149704326176,0.023809523809523808,0.5604395604395603,2.575176700310772,0.014563741255398308,1.779888344226579,0.6388163911753552,2,1
frozenset({'dental insurance'}),frozenset({'health insurance'}),0.024198568316215373,0.02178649237472767,0.01353874883286648,0.5594855305466239,25.680385852090033,0.013011546908765928,2.220616064755181,0.9848927701048606,1,1
frozenset({'hiring'}),frozenset({'customer service'}),0.01882975412387177,0.21763149704326176,0.01050420168067227,0.5578512396694215,2.5632835653312136,0.006406254101737525,1.7694689506124361,0.62157958116721,1,1
frozenset({'merchandising'}),frozenset({'communication'}),0.030501089324618737,0.2862589480236539,0.016962340491752256,0.5561224489795918,1.9427251194035646,0.008231130748111395,1.6079683469811934,0.5005257189980413,1,1
"frozenset({'leadership', 'problemsolving'})",frozenset({'teamwork'}),0.03159041394335512,0.17592592592592593,0.01750700280112045,0.5541871921182265,3.150116670987814,0.011949429977752418,1.8484755473705747,0.704816897887764,2,1
"frozenset({'teamwork', 'problemsolving', 'communication'})",frozenset({'customer service'}),0.03929349517584812,0.21763149704326176,0.021708683473389355,0.5524752475247524,2.5385812946686155,0.013157181294207345,1.7482128052794368,0.6308682067792939,3,1
frozenset({'marketing'}),frozenset({'sales'}),0.026766262060379707,0.08029878618113913,0.01478369125427949,0.5523255813953488,6.878380205516494,0.012634392900224722,2.0543975165823904,0.8781209499604463,1,1
"frozenset({'leadership', 'time management'})",frozenset({'teamwork'}),0.02933395580454404,0.17592592592592593,0.016184251478369126,0.5517241379310345,3.1361161524500907,0.011023648142384525,1.8383190883190883,0.7017184368737475,2,1
"frozenset({'time management', 'customer service', 'communication'})",frozenset({'teamwork'}),0.030189853719265483,0.17592592592592593,0.016651104886399003,0.5515463917525772,3.1351058057514916,0.011339926917268964,1.8375904640272454,0.7022317733015009,3,1
frozenset({'professionalism'}),frozenset({'teamwork'}),0.018674136321195144,0.17592592592592593,0.01027077497665733,0.55,3.1263157894736846,0.006985510253484109,1.8312757201646093,0.6930773001182136,1,1
frozenset({'health insurance'}),"frozenset({'dental insurance', 'vision insurance'})",0.02178649237472767,0.020697167755991286,0.011982570806100218,0.5499999999999999,26.573684210526313,0.011531652118605854,2.176228516097797,0.9838023891476008,1,2
"frozenset({'time management', 'problemsolving', 'teamwork'})",frozenset({'customer service'}),0.018907563025210083,0.21763149704326176,0.010348583877995643,0.5473251028806585,2.5149167759106983,0.00623370263137935,1.7283231474407947,0.6139814203603227,3,1
frozenset({'supervisory experience'}),frozenset({'customer service'}),0.02178649237472767,0.21763149704326176,0.011904761904761904,0.5464285714285714,2.510797282803003,0.007163334953928314,1.724906935652651,0.6151214754647218,1,1
"frozenset({'leadership', 'time management', 'communication'})",frozenset({'customer service'}),0.023109243697478993,0.21763149704326176,0.012605042016806723,0.5454545454545454,2.506321708323853,0.007575742715386808,1.7212107065048239,0.6152263374485596,3,1
"frozenset({'time management', 'problemsolving'})",frozenset({'customer service'}),0.029178338001867414,0.21763149704326176,0.015873015873015872,0.5439999999999999,2.499638183768323,0.009522890492435172,1.7157204012209168,0.6179735419053412,2,1
"frozenset({'training', 'customer service'})",frozenset({'leadership'}),0.037426081543728604,0.14176781823840648,0.02030812324929972,0.5426195426195426,3.827522701287794,0.015002309323632624,1.8764076337605748,0.7674573243381273,2,1
frozenset({'management'}),frozenset({'communication'}),0.027777777777777776,0.2862589480236539,0.015017117958294428,0.5406162464985994,1.8885566730089696,0.00706548051319293,1.553692411924119,0.4839378238341968,1,1
"frozenset({'patient care', 'communication'})",frozenset({'nursing'}),0.03042328042328042,0.06940553999377529,0.016417678182384064,0.5396419437340153,7.775199844024176,0.014306133976224234,2.0214579659024103,0.8987282026082514,2,1
frozenset({'initiative'}),frozenset({'communication'}),0.01882975412387177,0.2862589480236539,0.010115157173980703,0.5371900826446281,1.8765879157784071,0.004724971566937111,1.5421904873060335,0.4760824742268041,1,1
"frozenset({'attention detail', 'problem solving'})",frozenset({'teamwork'}),0.026143790849673203,0.17592592592592593,0.014005602240896359,0.5357142857142857,3.045112781954887,0.00940623162845385,1.7749287749287748,0.689634601043997,2,1
frozenset({'planning'}),frozenset({'communication'}),0.03112356053532524,0.2862589480236539,0.016651104886399003,0.5349999999999999,1.8689372111986948,0.007741707188806289,1.5349269934975183,0.47987186684719796,1,1
"frozenset({'time management', 'attention detail', 'teamwork'})",frozenset({'customer service'}),0.019685652038593213,0.21763149704326176,0.01050420168067227,0.5335968379446642,2.4518364537950745,0.006219983757240491,1.6774511122716511,0.6040332419092638,3,1
"frozenset({'patient care', 'teamwork'})",frozenset({'nursing'}),0.02030812324929972,0.06940553999377529,0.010815437286025522,0.5325670498084291,7.673264264728622,0.009405941025647731,1.9908619185379066,0.8877049896894492,2,1
"frozenset({'problemsolving', 'teamwork'})",frozenset({'customer service'}),0.04894179894179894,0.21763149704326176,0.025988173046996577,0.5310015898251192,2.4399114881774873,0.01533689607530255,1.6681687741009774,0.6205183513362704,2,1
"frozenset({'dental insurance', 'vision insurance'})",frozenset({'life insurance'}),0.020697167755991286,0.028478057889822595,0.010971055088702147,0.5300751879699248,18.613459879206214,0.010381639947191657,2.0673986928104573,0.9662745840532033,2,1
"frozenset({'scheduling', 'customer service'})",frozenset({'training'}),0.019996887643946467,0.08558979147214442,0.010582010582010581,0.5291828793774319,6.182780332507958,0.008870481138473302,1.9421770544765198,0.8553651075356701,2,1
"frozenset({'inventory management', 'customer service', 'communication'})",frozenset({'leadership'}),0.020152505446623094,0.14176781823840648,0.010659819483348895,0.5289575289575289,3.7311537662800007,0.007802842754143535,1.8219847137397762,0.7470411380207169,3,1
frozenset({'supervision'}),frozenset({'communication'}),0.032679738562091505,0.2862589480236539,0.01727357609710551,0.5285714285714286,1.8464800217450392,0.007918708514633159,1.513996170858916,0.4739164840516192,1,1
"frozenset({'cash handling', 'customer service'})",frozenset({'communication'}),0.021864301276065982,0.2862589480236539,0.011515717398070339,0.5266903914590747,1.8399089184648076,0.005256865515511457,1.507979215077844,0.4666988800908139,2,1
frozenset({'management'}),frozenset({'leadership'}),0.027777777777777776,0.14176781823840648,0.014628073451602863,0.5266106442577031,3.7145993413830953,0.010690078500536018,1.8129520052596977,0.7516717325227964,1,1
"frozenset({'attention detail', 'problemsolving'})",frozenset({'customer service'}),0.027699968876439465,0.21763149704326176,0.01455026455026455,0.5252808988764045,2.413625353006632,0.008521878855633271,1.6480661955775078,0.6023711544913622,2,1
"frozenset({'teamwork', 'time management', 'communication'})",frozenset({'customer service'}),0.03182384064737006,0.21763149704326176,0.016651104886399003,0.5232273838630807,2.404189609370151,0.009725234804645651,1.6409677831246456,0.6032573957808353,3,1
frozenset({'adaptability'}),frozenset({'teamwork'}),0.0469187675070028,0.17592592592592593,0.024509803921568627,0.5223880597014925,2.9693637077769046,0.016255576304595912,1.7254050925925923,0.6958772144664871,1,1
"frozenset({'data analysis', 'project management'})",frozenset({'communication'}),0.01953003423591659,0.2862589480236539,0.010192966075319016,0.5219123505976095,1.823217594422527,0.004602319020079587,1.4929083670505239,0.4605129485058437,2,1
"frozenset({'problem solving', 'customer service', 'communication'})",frozenset({'teamwork'}),0.028011204481792718,0.17592592592592593,0.01455026455026455,0.5194444444444444,2.952631578947368,0.00962236746550472,1.7148362235067436,0.68037725962798,3,1
frozenset({'cash handling'}),frozenset({'communication'}),0.024431995020230315,0.2862589480236539,0.012682850918145036,0.5191082802547771,1.8134220217000256,0.005688973725534755,1.4842032471561104,0.45978996855693655,1,1
"frozenset({'flexibility', 'teamwork'})",frozenset({'customer service'}),0.019685652038593213,0.21763149704326176,0.010192966075319016,0.5177865612648221,2.3791894477567013,0.005908748151887237,1.62245271514799,0.5913294948284397,2,1
"frozenset({'time management', 'problemsolving'})","frozenset({'teamwork', 'communication'})",0.029178338001867414,0.10737628384687208,0.015017117958294428,0.5146666666666666,4.793113043478261,0.011884056454825938,1.8391972173484776,0.8151521078577328,2,2
"frozenset({'multitasking', 'communication'})",frozenset({'teamwork'}),0.02131963896669779,0.17592592592592593,0.010971055088702147,0.5145985401459854,2.9250864387245485,0.0072203778630793875,1.697716513505987,0.6724665040501878,2,1
"frozenset({'time management', 'communication'})",frozenset({'teamwork'}),0.06201369436663554,0.17592592592592593,0.03182384064737006,0.5131744040150564,2.9169913491382156,0.020914024045832327,1.6927500954562809,0.7006296528036232,2,1
frozenset({'reporting'}),frozenset({'communication'}),0.03081232492997199,0.2862589480236539,0.01579520697167756,0.5126262626262627,1.7907781264671723,0.006974903251060772,1.4644635056094977,0.4556223127082205,1,1
frozenset({'flexibility'}),frozenset({'communication'}),0.04061624649859944,0.2862589480236539,0.020774976657329598,0.5114942528735632,1.78682363085921,0.009148212661971104,1.4610699181633438,0.45899013094945174,1,1
"frozenset({'multitasking', 'communication'})",frozenset({'customer service'}),0.02131963896669779,0.21763149704326176,0.010893246187363835,0.5109489051094891,2.347770943320398,0.006253421242619537,1.5997684314190022,0.586569520477932,2,1
"frozenset({'sales', 'customer service', 'communication'})",frozenset({'teamwork'}),0.03353563647681295,0.17592592592592593,0.017117958294428883,0.5104408352668213,2.901453168885089,0.01121817039573031,1.6832982271370893,0.6780851344131272,3,1
"frozenset({'leadership', 'customer service', 'communication'})",frozenset({'teamwork'}),0.03649237472766884,0.17592592592592593,0.018596327419856833,0.5095948827292112,2.896644596566042,0.012176372606655833,1.6803945249597425,0.6795721763235264,3,1
"frozenset({'leadership', 'time management'})",frozenset({'customer service'}),0.02933395580454404,0.21763149704326176,0.014939309056956116,0.5092838196286472,2.3401200035278418,0.00855531634101232,1.5943401384577853,0.5899778724114897,2,1
"frozenset({'leadership', 'problem solving', 'communication'})",frozenset({'teamwork'}),0.027544351073762838,0.17592592592592593,0.014005602240896359,0.5084745762711865,2.890276538804639,0.00915983677421586,1.676564495530013,0.6725369392436124,3,1
"frozenset({'attention detail', 'communication'})",frozenset({'customer service'}),0.04894179894179894,0.21763149704326176,0.02482103952692188,0.507154213036566,2.3303346249359835,0.014169762555227854,1.5874509301928659,0.6002546204454986,2,1
frozenset({'budgeting'}),frozenset({'communication'}),0.035480859010270774,0.2862589480236539,0.017896047307812014,0.5043859649122807,1.761991960057796,0.00773933393255632,1.440114688943424,0.44836903910097226,1,1
"frozenset({'problemsolving', 'customer service'})","frozenset({'teamwork', 'communication'})",0.043106131341425456,0.10737628384687208,0.021708683473389355,0.5036101083032491,4.690142834719825,0.017080107278931906,1.7982310499957561,0.8222300330327338,2,2
frozenset({'nursing'}),frozenset({'patient care'}),0.06940553999377529,0.07679738562091504,0.03493619670090258,0.5033632286995515,6.554431829023947,0.02960603268177278,1.8589091016391508,0.9106345576569264,1,1
frozenset({'scheduling'}),frozenset({'communication'}),0.04925303454715219,0.2862589480236539,0.024743230625583566,0.5023696682464455,1.754948349090328,0.010644108769143096,1.4342796377810383,0.45246808635484176,1,1
"frozenset({'training', 'teamwork'})","frozenset({'leadership', 'communication'})",0.023109243697478993,0.08948023653906007,0.011593526299408652,0.5016835016835016,5.606640316205533,0.009525705707119449,1.8271916874858047,0.841076712131053,2,2
"frozenset({'time management', 'customer service'})",frozenset({'teamwork'}),0.04411764705882353,0.17592592592592593,0.02209772798008092,0.5008818342151675,2.8471177944862154,0.014336290071584188,1.651060070671378,0.6787107258938245,2,1
frozenset({'documentation'}),frozenset({'communication'}),0.044273264861500156,0.2862589480236539,0.022175536881419235,0.5008787346221442,1.7497400101559653,0.009501918656593599,1.429995276670919,0.44833581144100176,1,1
